Career,Description
Software Engineer,"Developer, Programmer, Coding, Algorithms, Data Structures, Web Development, Mobile Development, Databases, APIs, Machine Learning, Cloud Computing"
Data Analyst,"Business Analyst, Data Scientist, Information Analyst, Data Visualization, Statistics, Databases, SQL, Machine Learning, Big Data, Market Research"
Cybersecurity Analyst,"Information Security Analyst, Security Engineer, Penetration Tester, Vulnerability Assessment, Network Security, Cloud Security, Ethical Hacking, Incident Response, Cryptography"
Marketing Manager,"Brand Manager, Product Marketing Manager, Digital Marketing Manager, Social Media Marketing, SEO, SEM, Content Marketing, Email Marketing, Market Research, Analytics, Advertising"
Human Resources Manager,"HR Manager, Recruiting Manager, Talent Acquisition Specialist, Employee Relations, Benefits Administration, Payroll, Training and Development, Performance Management"
Financial Analyst,"Investment Analyst, Risk Analyst, Financial Modeling, Valuation, Investment Banking, Portfolio Management, Financial Markets, Accounting, Economics"
Nurse,"Registered Nurse, LPN, RN, Critical Care Nurse, Emergency Room Nurse, Operating Room Nurse, Pediatric Nurse, Geriatric Nurse, Public Health Nurse"
Sales Representative,"Account Executive, Business Development Representative, Salesperson, Negotiation, Prospecting, Lead Generation, Customer Relationship Management, Sales Cycle, Marketing"
Graphic Designer,"Web Designer, UI/UX Designer, Visual Designer, Branding, Typography, Layout, Illustration, Animation, Marketing Materials, User Experience"
Accountant,"Auditor, Tax Accountant, Bookkeeper, Financial Statements, Taxes, Auditing, Accounting Software, Payroll, Financial Reporting"
Teacher,"Educator, Professor, Instruction, Curriculum Development, Classroom Management, Assessment, Differentiation, Special Education, Educational Technology"
Lawyer,"Attorney, Litigator, Corporate Lawyer, Criminal Lawyer, Family Lawyer, Real Estate Lawyer, Intellectual Property Law, Contracts, Negotiation"
Doctor,"Physician, Surgeon, Medical Doctor, Healthcare, Diagnosis, Treatment, Surgery, Patient Care, Medical Knowledge, Research"
Web Developer,"Front-End Developer, Back-End Developer, Full-Stack Developer, HTML, CSS, JavaScript, Python, Java, PHP, Web Design, Databases, APIs"
Project Manager,"Program Manager, Product Manager, Project Management, Planning, Execution, Risk Management, Teamwork, Communication, Stakeholder Management"
Customer Service Representative,"CSR, Service Representative, Customer Support Specialist, Problem Solving, Communication, Customer Interaction, Conflict Resolution, Sales"
Content Writer,"Copywriter, Technical Writer, Web Content Writer, SEO Writing, Content Marketing, Blogging, Editing, Proofreading, Grammar, Research"
Mechanical Engineer,"Design Engineer, Product Engineer, Manufacturing Engineer, Mechanics, Dynamics, Thermodynamics, Materials Science, CAD, CAM, CAE"
Civil Engineer,"Structural Engineer, Transportation Engineer, Environmental Engineer, Infrastructure, Construction, Design, Building Codes, Sustainability"
Electrical Engineer,"Electronics Engineer, Computer Engineer, Robotics Engineer, Circuits, Electronics, Power Systems, Control Systems, Automation"
Marketing Specialist,"Digital Marketing Specialist, SEO Specialist, PPC Specialist, Social Media Specialist, Content Marketing Specialist, Email Marketing Specialist, Marketing Automation"
Operations Manager,"Logistics Manager, Supply Chain Manager, Operations Planning, Inventory Management, Scheduling, Quality Control, Process Improvement, Lean Manufacturing"
Business Analyst,"Systems Analyst, Business Systems Analyst, Process Improvement, Requirements Gathering, Data Analysis, Documentation, Communication, Stakeholder Management"
Network Administrator,"IT Administrator, Systems Administrator, Network Management, Security, Troubleshooting, Hardware, Software, Cloud Computing, Virtualization"
Software Developer in Test (SDET),"QA Engineer, Quality Assurance Tester, Software Testing, Manual Testing, Automation Testing, Bug Tracking, Defect Management, Agile Methodology"
Physician Assistant (PA),"Medical Assistant (MA), Nurse Practitioner (NP), Healthcare Provider, Patient Care, Diagnosis, Treatment, Prescription Medication, Collaboration"
Product Manager,"Product Owner, Product Marketing Manager, Product Development, Product Strategy, User Experience (UX), Market Research, Product Launch, Product Lifecycle Management"
Management Consultant,"Business Consultant, Strategy Consultant, Organizational Development, Change Management, Process Improvement, Problem Solving, Data Analysis, Communication"
Human Resources Specialist,"HR Specialist, Recruiting Specialist, Talent Acquisition Specialist, Employee Benefits, Payroll, Training and Development, Performance Management"
Financial Advisor,"Investment Advisor, Wealth Manager, Financial Planning, Retirement Planning, Estate Planning, Investments, Portfolio Management, Risk Management"
Occupational Therapist (OT),"Physical Therapist (PT), Speech-Language Pathologist (SLP), Therapist, Rehabilitation, Treatment Planning, Patient Care, Communication, Motor Skills, Cognitive Skills"
Marketing Director,"Chief Marketing Officer (CMO), Head of Marketing, Marketing Strategy, Branding, Digital Marketing, Advertising, Market Research, Analytics, Public Relations"
Astronomer,"Studies the universe, stars, planets, galaxies, and other celestial objects using telescopes, satellites, and other scientific instruments. Analyzes data to understand the formation, evolution, and composition of celestial bodies."
Biotechnologist,"Applies biological principles to develop products and technologies beneficial to humans, such as medicines, vaccines, genetically modified organisms, and biofuels. Conducts research and experiments in laboratories."
Urban Planner,"Designs and plans the development of cities and towns. Considers factors like infrastructure, transportation, housing, public spaces, and sustainability to create functional and livable urban environments."
Architect,"Designs buildings and other structures. Creates blueprints, sketches, and models to communicate their vision. Collaborates with engineers and other professionals to ensure the structural integrity and functionality of their designs."
Animator,Creates moving images using traditional 2D animation techniques or computer-generated imagery (CGI). Brings characters and stories to life through animation software and storytelling techniques.
Web Analyst,"Analyzes website traffic and user behavior to improve website performance and user experience. Uses data analytics tools to understand user demographics, interests, and browsing patterns."
User Experience (UX) Researcher,"Conducts research to understand user needs, behaviors, and pain points when interacting with digital products. Uses research findings to improve the usability and user experience of websites, apps, and software."
Software Quality Assurance (QA) Tester,Tests software applications to identify bugs and ensure they function correctly. Creates test cases and scripts to verify software functionality and identify potential problems.
Data Warehouse Specialist,"Designs, builds, and manages data warehouses â€“ large-scale databases that store historical data from various sources. Extracts, transforms, and loads data to make it accessible for analysis."
Blockchain Developer,"Develops applications and software using blockchain technology. Creates secure and decentralized systems for data storage and transactions. Understands cryptography, distributed ledger technology, and smart contracts."
Environmental Scientist,"Studies the environment and its interactions with living organisms. Conducts research on issues like pollution, climate change, and sustainability. Develops solutions and strategies for environmental protection."
Marine Biologist,"Studies marine life in oceans, seas, and estuaries. Conducts research on marine ecosystems, biodiversity, and the impact of human activities on the ocean environment."
Mechanical Engineer (Robotics),"Specializes in the design, development, and operation of robots. Creates robots for various applications, including manufacturing, healthcare, and exploration. Integrates mechanical engineering principles with computer science and electronics."
Biomedical Engineer,"Applies engineering principles to solve problems in the medical field. Develops medical devices, prosthetics, artificial organs, and other technologies to improve healthcare."
Chemical Engineer,"Applies chemical science principles to design and develop processes for the chemical industry. Creates methods for producing chemicals, fuels, pharmaceuticals, and other products safely and efficiently."
Industrial Engineer,"Optimizes industrial processes to improve efficiency and productivity. Analyzes and designs systems for production, logistics, and quality control."
Aerospace Engineer,"Designs and develops aircraft, spacecraft, and missiles. Applies engineering principles to create vehicles for air and space travel."
Environmental Engineer (Renewable Energy),"Specializes in developing renewable energy sources like solar, wind, and geothermal power. Designs and implements sustainable energy solutions to reduce reliance on fossil fuels."
Psychologist,"Studies human behavior and mental processes. Provides mental health assessments, therapy, and counseling to individuals and groups. Conducts research on various psychological topics."
Social Worker,"Helps individuals, families, and communities cope with social and emotional challenges. Provides support services, resources, and advocacy to improve people's well-being."
Speech-Language Pathologist,"Assesses and treats speech, language, and communication disorders in children and adults. Develops therapeutic strategies to improve communication skills."
Occupational Therapist,"Helps people regain or improve their ability to perform daily living activities after an injury, illness, or disability. Develops individualized therapy plans to promote independence and self-care."
Physical Therapist,"Helps people restore and improve movement and function after injury, illness, or surgery. Utilizes exercises, manual therapy techniques, and equipment to improve mobility and physical abilities."
Paramedic,"Provides advanced emergency medical care outside of a hospital setting. Assesses patients, administers medications, and performs life-saving procedures until patients can receive definitive medical care."
Firefighter,Extinguishes fires and rescues people and property from burning buildings. Performs fire prevention inspections and educates the public on fire safety.
Police Officer,"Enforces laws and maintains public order. Investigates crimes, arrests suspects, and provides community policing services."